sample_id,source,review_id,rating,date,text,app_version,country,first_seen_at,last_seen_at
1,google_play,e8e37351-6a02-493b-b715-2b99f089cd8e,1,2021-07-17T01:42:16+00:00,Ring is inaccurate and the data is not consistent. If during the day I don't wear the ring for a couple of hours it registers that time block as sleep. Not reliable.,,us,2026-10-06T20:36:43.426476+00:00,2026-10-06T20:36:43.426476+00:00
2,google_play,8f0ffdd5-c33a-45b5-8101-e93fc0e5dfe2,1,2026-07-25T02:22:52+00:00,"Don't force me to participate in your delusion. I don't have a sex assigned at birth, just my sex. Ridiculous in the same breath you admit there are measurable physical differences you're pretending like ones sex can be assigned.",7.20.0,us,2026-10-06T20:36:43.426476+00:00,2026-10-06T20:36:43.426476+00:00
3,app_store,14365349720,2,2026-07-29T23:23:20-07:00,I have been waiting months for a  my requested phone call from Customer support.,7.21.0,us,2026-10-06T20:36:43.426476+00:00,2026-10-06T20:36:43.426476+00:00
4,app_store,14428690903,3,2026-08-14T17:04:26-07:00,"While I find Oura’s base metrics helpful, the morning Readiness and sleep score comments seem to be preprogrammed comments that repeat themselves. I do not find this helpful.  The most recent update was supposed to improve activity detection, but now it’s over sensitive and is constantly detecting activities that don’t make sense.",7.22.0,us,2026-10-06T20:36:43.426476+00:00,2026-10-06T20:36:43.426476+00:00
5,google_play,8fd25ea8-7c1e-4883-9b5d-6e8892c0d710,3,2022-01-18T15:53:21+00:00,"The daily updates work only about 30% of the time on the first try. I have to do alot of closing and reopening the app, or turning Bluetooth on and off. Sometimes I have to restart my entire phone just to get the data to populate. I have checked and I'm running all the updated apps for my Android system and the Oura app itself. Once I have the data, though, love the app! I just wish it was easier to get sometimes.",4.0.5,us,2026-10-06T20:36:43.426476+00:00,2026-10-06T20:36:43.426476+00:00
6,app_store,14351727620,5,2026-07-26T13:40:14-07:00,Love the app and the ring ! Great investment! I have only one recommendation! If the ring detects abnormal heart rhythm it should send an alert to ring owners and its emergency contact! I would love to see that add on! Other than that thank you,7.20.0,us,2026-10-06T20:36:43.426476+00:00,2026-10-06T20:36:43.426476+00:00
7,app_store,14469950403,1,2026-08-25T04:22:04-07:00,"The Flexpa and Health Panels service is a complete scam. Provided my extremely sensitive medical data through the app and the Flexpa service only for Oura to not know what happened a because after more than their stipulated 10 business days it still shows as “processing data”. The Oura reps are an embarrassment that have no idea what to do, even after a $69 membership. Who knows who has my data now and can see all of my medical history. Joke is on me I guess. What a bad look Oura. You are not holding up on your end of the deal and mismanaging sensitive data.",7.23.0,us,2026-10-06T20:36:43.426476+00:00,2026-10-06T20:36:43.426476+00:00
8,app_store,14299258833,4,2026-07-13T12:20:00-07:00,"Sometimes it seems as though the battery drains quickly.. my last Oura ring lasted what felt like a week ( close to it ), before it needed recharging.  I could be mistaken.  I like the ring . If it were thinner it would be even nicer. If you have small hands / fingers it looks really big .. very noticeable and not compatible with other hand jewelry.",7.19.1,us,2026-10-06T20:36:43.426476+00:00,2026-10-06T20:36:43.426476+00:00
9,google_play,f7793590-e760-476d-ad7f-5077621f0d97,3,2022-04-04T00:47:55+00:00,"Lots of bugs, slow to connect to ring, not all mediation videos works all the time. It's sharing functionality it pretty rubbish. It gets the job done, but it's in no way industry leading, it's just an ordinary app. Not all apps can be great, there is the reason a bell curve exists and this is right in the middle of the bell curve.",4.1.1,us,2026-10-06T20:36:43.426476+00:00,2026-10-06T20:36:43.426476+00:00
10,app_store,14403511316,5,2026-08-08T09:55:01-07:00,"Best thing I have ever invested in! I had no idea I was pregnant because I had absolutely no symptoms, but my Oura Ring started showing major signs of strain. Since I wasn’t feeling sick or experiencing any typical pregnancy symptoms, I decided to take a pregnancy test just because of what my Oura was showing and it came back positive.

Unfortunately, I later found out it was an ectopic pregnancy. While Oura obviously isn’t a medical device and can’t diagnose something like that, I’m incredibly grateful that the changes in my body were enough to make me stop and check. It gave me a reason to listen to my body when I otherwise had no idea anything was going on.",7.21.0,us,2026-10-06T20:36:43.426476+00:00,2026-10-06T20:36:43.426476+00:00
11,app_store,14532941637,3,2026-09-10T05:32:49-07:00,"Tracks my steps appropriately, but what I was really interested in was my sleep metrics and it is way off. I mean by hours.",7.24.0,us,2026-10-06T20:36:43.426476+00:00,2026-10-06T20:36:43.426476+00:00
12,app_store,14362407443,4,2026-07-29T06:12:00-07:00,"Has really changed how I sleep and see stress. It has been a staple but on my third ring. They don’t seem super sturdy and they’re on another version every other day. But all in all a great product for those trying to get better rest, and prioritize their health.",7.21.0,us,2026-10-06T20:36:43.426476+00:00,2026-10-06T20:36:43.426476+00:00
13,app_store,14345500402,1,2026-07-25T00:37:48-07:00,Nice how they came out with a new ring and suddenly my old ring can’t be found on the app or trace anything.,7.20.0,us,2026-10-06T20:36:43.426476+00:00,2026-10-06T20:36:43.426476+00:00
14,google_play,b6b3b4f5-ef81-4b2b-b134-51cd52cf0384,1,2025-01-01T00:37:48+00:00,"Received this as a gift and it won't hold the sync. It keeps saying you need an app to use this device, which I have. It worked for about 2 hours and then is no longer syncing. I've reset everything, Bluetooth, un-installed the app and nothing works. Reviews here indicate this is now a big problem. I sent a virtual chat and an issue to email, but no response. Please advise, this is an expensive item for the software to fail.",6.1.3,us,2026-10-06T20:36:43.426476+00:00,2026-10-06T20:36:43.426476+00:00
15,app_store,14529737494,4,2026-09-09T09:08:52-07:00,"I wish there was a way to save your “Other” activity names, so it wouldn’t needed to be re-typed every single time. 

For example: I wear my Oura ring daily, while using my Hypervolt for very active fascia release sessions. While the ring monitors some activity has occurred; I hate that everyday I have to re-type the activity name “Hypervolt” to accurately capture the effort. Same for when I’m using a mobility stick or mace which the app adoringly calls “Pilates” :/

If the app could just save at the top, maybe a list of the 5 or 10 most manually recently added “Other” activities that would be so perfect!",7.24.0,us,2026-10-06T20:36:43.426476+00:00,2026-10-06T20:36:43.426476+00:00
16,google_play,d6557c3b-eea3-4ee8-b3eb-d128cfc39cf6,3,2026-05-14T20:02:31+00:00,"whoever manages this app in your team, fire them. It has so many bugs. home refreshed every 10 seconds so I can't read a thing, it goes to black very often, doesn't count well the calories of the same activities it logged for the day. it fails in so many basic things I don't know if to rely on the other parts.",7.13.1,us,2026-10-06T20:36:43.426476+00:00,2026-10-06T20:36:43.426476+00:00
17,google_play,c91f74f0-692f-4431-964e-96d7cb368b79,2,2025-04-27T22:12:55+00:00,"I have ring many years, so not writing down ring review, but application and can't give more than 2 stars as developers with each release make this application less and less functional. Waiting ethernity for data and terribly slow. It's buggy, showing last year data from wrong days. UI used to be in the past amazing, now it just doesmt make sense and overload with useless information and important you need to search. And because is slow and laggy I use it rare.",6.2.5,us,2026-10-06T20:36:43.426476+00:00,2026-10-06T20:36:43.426476+00:00
18,google_play,b1cb7396-b78e-4517-a3a9-16b4871635b3,2,2022-09-26T12:07:56+00:00,"Everything worked fine until two weeks ago, now the app doesn't open at all. I have no way of seeing any of the data collected. Ive sent feedback so far no change. I'm paying for a service and can't use it. Fix it.",4.5.9,us,2026-10-06T20:36:43.426476+00:00,2026-10-06T20:36:43.426476+00:00
19,app_store,14621263014,2,2026-10-02T20:32:05-07:00,"I loved my Oura (4) ring the first year and then at almost exactly the 1 year mark - it started crapping out on me!  Skipped readings, wonky sleep hours, poor connection… what the heck?!  I took it back to Best Buy for a hard reset and they confirmed it was wigging out and simply said - sorry  man, if you had come here a week earlier it would be covered by the 1 year factory warranty but your are SOL - LOL - CYL.  What?!  Are you kidding me?!  If anyone at Oura’s company HQ in Australia is listening - you need to find a way to right this terrible wrong!  How many of your loyal customers are going through a similar warranty fiasco??  I use to brag about this product constantly and now I feel like just another Dodge Minivan owner at 60,000 miles who just found out that their transmission is shot the same day the warranty ran out….  I guess Oura is the new tech bro for Dodge these days.",7.25.0,us,2026-10-06T20:36:43.426476+00:00,2026-10-06T20:36:43.426476+00:00
20,google_play,b1ad85c8-f2e1-4168-a5db-434fea214e91,1,2025-12-14T18:31:00+00:00,"I've been a long time user and fan of Oura, and I regularly go out of my way to tell my friends how great it is. Unfortunately, Oura has become so inaccurate lately that I am considering not using it anymore and will be using an alternative product. I was okay with this company collecting my health data for the tradeoff of having good insights into my health patterns, particularly my sleep, but Oura has become consistently terrible and its truly a shame because it used to be good.",7.3.0,us,2026-10-06T20:36:43.426476+00:00,2026-10-06T20:36:43.426476+00:00
21,app_store,14280590336,3,2026-07-08T21:13:38-07:00,"Credit where it’s due: Of the many apps and gadgets I’ve used over the past decade, Oura’s sleep tracking is the closest match to my actual sleep experience and has actually helped me improve my sleep quality and duration. That makes it worthwhile to me. 

And now, the thing I’m putting up with in exchange for that bit of awesomeness: If you ever, ever use any app to log a yoga workout that has the usual savasana ending, this app will annoy you forever after. Every time you sit still for a straight 10 minutes or so, the app will “detect” a yoga workout and demand that you confirm it. If you use the in-app help to describe the problem and seek solutions, it will produce canned AI responses starting that there’s absolutely nothing you can do about it but the app will supposedly learn over time that it was wrong. 

The fecking app NEVER learns that it was wrong. 

And you can’t disable the danged workout detection feature. So get used to telling it 10+ times a day that you weren’t doing a yoga workout while you were lying in bed, driving your car, or sitting on the couch watching TV.

End of the world? Nope. Annoying enough to add a few extra stress minutes to your metrics daily? Def. Learn from my experience… don’t let your fitness trackers log savasana.",7.19.1,us,2026-10-06T20:36:43.426476+00:00,2026-10-06T20:36:43.426476+00:00
22,google_play,44766cbe-b7e3-45ba-ae10-509f4c06e248,4,2021-12-08T05:47:47+00:00,"When will the ""explore tab"" be available to android?",4.0.2,us,2026-10-06T20:36:43.426476+00:00,2026-10-06T20:36:43.426476+00:00
23,app_store,14526598055,1,2026-09-08T13:18:49-07:00,"After trying to steal with Oura’s AI bot Finn, I posted a review.  The review did get a reaction, except they sent me right back to their AI bot.  And once again they say nothing wrong.  Since they don’t promise 6-9 days - it is perfectly acceptable to see only 3 days and a 15% drop in less than 7 hours.  The items they told me to turn off have not been on (o2 and Activities). Not sure why activities - surely they tested with activities on, since that to me would be a pretty important feature to be using.  And I am unable to use the self-service portal since I did but the item through amazon, so they obviously don’t recognize anything not purchased directly through them.  At the moment I will wait and see if someone (a live person) actually contacts me.  And since when reaching out to me following my review and sending me right back to their AI Bot I am dropping my review to 1-Star.  I’ll update once I hear something more.",,us,2026-10-06T20:36:43.426476+00:00,2026-10-06T20:36:43.426476+00:00
24,app_store,14553445637,5,2026-09-15T10:29:03-07:00,Love my Oura ring. Battery life is amazeballs. Super happy with the purchase,7.24.0,us,2026-10-06T20:36:43.426476+00:00,2026-10-06T20:36:43.426476+00:00
25,google_play,1b6ace24-2ad3-41ad-83de-faa34f112489,5,2021-11-29T22:04:04+00:00,"I've been using my oura data and app for a few months and appreciate making informed decisions on sleep, my workouts, and stress management.",4.0.0,us,2026-10-06T20:36:43.426476+00:00,2026-10-06T20:36:43.426476+00:00
26,app_store,14430396093,5,2026-08-15T04:21:19-07:00,I am loving my ring. I’ve had it for about 3 months and I am obsessed and it’s helping me stay on track e my health and workout goals.,7.22.0,us,2026-10-06T20:36:43.426476+00:00,2026-10-06T20:36:43.426476+00:00
27,google_play,c744374f-f664-48d3-9e41-6975a9819ce3,3,2024-10-21T00:56:20+00:00,"Not a fan of the latest UI. While it looks nicer, it now takes me twice as many clicks to view the information I'm interested in.",6.0.3,us,2026-10-06T20:36:43.426476+00:00,2026-10-06T20:36:43.426476+00:00
28,google_play,9746b5c1-945f-4c3a-8ff8-d03fa02d9aa9,5,2024-05-04T12:25:05+00:00,Only device I've found that accurately tracks my sleep.,5.2.7,us,2026-10-06T20:36:43.426476+00:00,2026-10-06T20:36:43.426476+00:00
29,google_play,5026e45e-e87f-49d0-855e-37a1af456c1e,2,2023-03-17T12:02:36+00:00,Not recommended if you're looking for a fitness tracker. It does not calculate steps accurately and when you add a manual workout it is not accounted for historically on your activity card (although it does show same day). Trying to communicate these issues with support results in several requests and providing of screenshots with no resolution.,4.10.0,us,2026-10-06T20:36:43.426476+00:00,2026-10-06T20:36:43.426476+00:00
30,app_store,14272898663,1,2026-07-06T23:30:29-07:00,The ring completely stopped working in less than 6 months. They gave me a hassle trying to make a warranty claim it took 4 weeks to get a new tong and now on day 2 this ring is already not tracking data. Very upset i wasted $500 on this hunk of junk.,7.19.1,us,2026-10-06T20:36:43.426476+00:00,2026-10-06T20:36:43.426476+00:00
31,google_play,e5968dff-726f-4be4-aa11-ea975b7587c8,5,2023-05-25T12:39:45+00:00,A great tool to optimize health!,4.11.3,us,2026-10-06T20:36:43.426476+00:00,2026-10-06T20:36:43.426476+00:00
32,google_play,98459905-60dc-435d-86be-30fa6c1c0078,3,2026-07-04T01:57:03+00:00,"Frequent app updates would be totally understandable, without the intrusive banner prompting an update every few days. If releasing new versions so frequently please remove the in-app messaging.",7.19.2,us,2026-10-06T20:36:43.426476+00:00,2026-10-06T20:36:43.426476+00:00
33,google_play,21324b6a-d24c-438f-8000-4bc9f24eab4a,5,2021-02-26T15:07:07+00:00,I love my Oura ring. The data is very insightful and has helped me substantially improve my sleep by letting me run personal experiments to see what improves my sleep and what does not. App also works well. Highly recommended.,3.7.0,us,2026-10-06T20:36:43.426476+00:00,2026-10-06T20:36:43.426476+00:00
34,app_store,14275275822,5,2026-07-07T12:48:29-07:00,"Love the ring, service and data provided. Incredible product",7.19.1,us,2026-10-06T20:36:43.426476+00:00,2026-10-06T20:36:43.426476+00:00
35,google_play,0da36504-86cf-47d1-9187-8bffa902fed2,2,2025-07-20T16:26:19+00:00,pretty awful activity detection but enjoy the sleep and basal body temperature trends for menstrual cycle,6.5.2,us,2026-10-06T20:36:43.426476+00:00,2026-10-06T20:36:43.426476+00:00
36,app_store,14412304471,1,2026-08-10T16:04:14-07:00,I have reached out multiple times as I keep getting incorrect data!!! No response for almost a month with countless follow ups!,7.21.0,us,2026-10-06T20:36:43.426476+00:00,2026-10-06T20:36:43.426476+00:00
37,app_store,14541973773,4,2026-09-12T11:01:16-07:00,I’m hoping that they will provide future integrations with Apple health and Dexcom import health information along with Omron for their health information.,7.24.0,us,2026-10-06T20:36:43.426476+00:00,2026-10-06T20:36:43.426476+00:00
38,app_store,14593000589,2,2026-09-25T13:20:30-07:00,"I’ve owned my ring for a week over my 1 yr purchase. About 10 mos in, battery started failing. I only track sleep and activity. I’ve done a soft reset. I now charge every day and a half. I could’ve stayed with my Apple Watch for this battery life.",7.25.0,us,2026-10-06T20:36:43.426476+00:00,2026-10-06T20:36:43.426476+00:00
39,app_store,14347100454,2,2026-07-25T09:39:48-07:00,Latest version keeps crashing when adding tags,7.20.0,us,2026-10-06T20:36:43.426476+00:00,2026-10-06T20:36:43.426476+00:00
40,google_play,bebf7b7c-661a-4e40-967e-e3d0b37922be,5,2026-03-06T12:12:45+00:00,I love Oura. It keeps me informed of my sleep patterns.,7.8.2,us,2026-10-06T20:36:43.426476+00:00,2026-10-06T20:36:43.426476+00:00
41,app_store,14403249481,3,2026-08-08T08:35:27-07:00,"I love my Oura ring. The app however is very frustrating because it’s difficult to navigate if you’re looking for more than just the basic data. If you want to see your actual raw data, good luck. This app could be so much better.",7.21.0,us,2026-10-06T20:36:43.426476+00:00,2026-10-06T20:36:43.426476+00:00
42,google_play,bbff4a25-673f-4016-9ff5-cd09896097ad,1,2022-06-11T11:02:35+00:00,A lot of information but not a lot of insight on what to do with it,4.4.1,us,2026-10-06T20:36:43.426476+00:00,2026-10-06T20:36:43.426476+00:00
43,google_play,5b643cda-3307-4444-974d-6020977120c7,4,2024-03-12T15:42:41+00:00,"Fantastic app! Great info and data! I wish there were more HR workouts as well as better accuracy for the preset workouts. Other than that, it's great!",5.2.3,us,2026-10-06T20:36:43.426476+00:00,2026-10-06T20:36:43.426476+00:00
44,google_play,dc061a54-a193-4045-a5a2-71eba96ca6c6,1,2023-10-15T18:13:14+00:00,"Update: Are you ever going to fix this? The first thing I want when I open my Oura app is to see my data.Instead, a prompt to update Health Connect occupies almost half of the page.This app is not only Beta tested, but its Google score rating is 2.6. Since I can't dismiss the annoying notification, I installed Health Connect and the prompt disappeared.But after uninstalling the app, the prompt came back. Oura's technical support told me that ""their team is working hard to get it fixed."" Really?",5.0.1,us,2026-10-06T20:36:43.426476+00:00,2026-10-06T20:36:43.426476+00:00
45,app_store,14548675780,3,2026-09-14T05:09:24-07:00,I charged my ring last night and in  12 hours it went down to 48%. I’ve had the ring 1 year. This is disappointing.,7.24.0,us,2026-10-06T20:36:43.426476+00:00,2026-10-06T20:36:43.426476+00:00
46,app_store,14512522788,2,2026-09-05T00:03:40-07:00,I love the ring and the app but getting the damn thing to update from the App Store is a pita! Every single time I’ve had to update it goes into spin mode on the screen and it sometimes updates and other times it just stops updating and tells me an update is available… damned annoying.,7.23.1,us,2026-10-06T20:36:43.426476+00:00,2026-10-06T20:36:43.426476+00:00
47,app_store,14594020488,1,2026-09-25T20:02:53-07:00,"I’ve loved the app, but recently with iOS 27, the app keeps crashing. I’ve tried everything, even talked to support on oura’s website and we exhausted all options. Right now it’s just a dud on my Home Screen taking up space. Please do better updates to ensure that all bugs are fixed because event with the newest app update, it still won’t open!",7.25.0,us,2026-10-06T20:36:43.426476+00:00,2026-10-06T20:36:43.426476+00:00
48,google_play,63091ed6-c58f-4986-b4e5-ff340fb68c93,4,2026-04-15T13:47:49+00:00,"Only complaint is the sleep tracking..Many people don't fall within the sleep night range or window...Hopefully, there will be an update for different sleep time... good app...",7.11.0,us,2026-10-06T20:36:43.426476+00:00,2026-10-06T20:36:43.426476+00:00
49,app_store,14279978700,4,2026-07-08T17:21:42-07:00,I've had my ring for a couple of months and it's great for getting insight into sleep and activity. But it keeps ringing alarm bells about how stressed I am. Now I am getting stressed about getting stressed. I think most of us know when we are stressed. We ought to be able to turn this feature off.,7.19.1,us,2026-10-06T20:36:43.426476+00:00,2026-10-06T20:36:43.426476+00:00
50,google_play,0cc5bc56-0c57-4494-9fd5-2d553a7841be,2,2026-09-24T21:13:23+00:00,no option to describe detected activity that the ones are listed,7.25.0,us,2026-10-06T20:36:43.426476+00:00,2026-10-06T20:36:43.426476+00:00
51,google_play,72086361-d054-44d2-96b4-590849530e8b,4,2025-01-27T18:50:52+00:00,"I love this app for many reasons. Great tracking over all and really good insights that pulls all the info together nicely. This app has some amazing meditations! ButI would love to see improved sleep tracking (many times that I'm resting on the couch it assumes I'm napping or restless nights I think it tracks too much light sleep). I really don't like that I'm not able to edit previous days activities, like adding activity I forgot or editing time. There's also frequent gaps in stress tracking.",6.1.5,us,2026-10-06T20:36:43.426476+00:00,2026-10-06T20:36:43.426476+00:00
52,google_play,98c41e3c-b29b-4b5c-a759-b37d8d62f838,4,2019-05-12T03:16:57+00:00,"I bought the ring, it worked fine, recorded data to the app for about a week, then wont connect to my phone anymore. this would be perfect for the various sport activities I do. but I cant do and figure out adequate rest without the data, and if the ring doesnt connect to my phone anymore, it's a useless $300 ring now... trying to return it for a refund...",2.4.6,us,2026-10-06T20:36:43.426476+00:00,2026-10-06T20:36:43.426476+00:00
53,app_store,14518995284,5,2026-09-06T13:48:41-07:00,This is a game changer . If this ring can add 10 years to my life or even 5 it’s a steal . I have a buddy who works at best buy and he stated “ no one ever returns this ring “ . I’ve always been skeptical but going from 286 to 229 I am a fan and will never ever try anything but a oura product …,7.23.1,us,2026-10-06T20:36:43.426476+00:00,2026-10-06T20:36:43.426476+00:00
54,google_play,33c5fec0-5f2f-46c4-9d8f-117722a1462d,4,2022-05-26T19:39:14+00:00,The app is a great interface but the website access gives you the most options for data review and manipulation. A specific thing I don't like about the app is how it doesn't let you edit or change Auto-detected workouts (as of May 2022).,4.4.1,us,2026-10-06T20:36:43.426476+00:00,2026-10-06T20:36:43.426476+00:00
55,google_play,b48fb6ca-be44-4aca-bb79-75a992d69e60,2,2019-03-06T04:13:56+00:00,"This app should not require access to my Location. Having to turn on Bluetooth AND location discourages me from accessing the app daily - first of all because it's unnecessarily intrusive and second of all because my older galaxy S6 battery loses about 5% battery anytime I switch location on). I'll update my review when I can simply update my app with ring data via only Bluetooth Also, why can't I see my HRV during the day? Am I missing something?",2.4.3,us,2026-10-06T20:36:43.426476+00:00,2026-10-06T20:36:43.426476+00:00
56,app_store,14279031572,3,2026-07-08T11:30:57-07:00,No me duró más que dos meses el rendimiento bien de mi batería. Primero duraba 7 días y después 1.5 días,7.19.1,us,2026-10-06T20:36:43.426476+00:00,2026-10-06T20:36:43.426476+00:00
57,google_play,73021e3c-3276-4b27-b633-8042b337c575,3,2025-04-10T21:36:05+00:00,"I love my ring, but I'm not happy with the updates to the calorie tracking. There's no way I'm burning as few calories as it says I am. It's really discouraging. I hope they'll get it fixed soon.",6.2.2,us,2026-10-06T20:36:43.426476+00:00,2026-10-06T20:36:43.426476+00:00
58,google_play,94589780-f42c-44ba-8835-a6ff8a903f00,5,2025-08-10T10:28:29+00:00,I've used several other health trackers and Oura is the best by far. The amount of relevant data combined with its accuracy make it the best on the market.,6.7.0,us,2026-10-06T20:36:43.426476+00:00,2026-10-06T20:36:43.426476+00:00
59,app_store,14374788985,4,2026-08-01T07:01:28-07:00,Latest versions misread activity as yoga multiple times a day.  This didn’t occur several versions back.  Their formula to infer an activity based on motion seems to have a glitch,7.21.0,us,2026-10-06T20:36:43.426476+00:00,2026-10-06T20:36:43.426476+00:00
60,app_store,14514848982,2,2026-09-05T12:45:08-07:00,I got my ring end of spring and for the first couple of months it definitely lasted a full week in a full charge. But recently like u fully charged it lat Thursday and in Saturday the ring showed only 35%.  That by EOD on Sunday it will have less than 10%.   At the moment I am looking into what to do to contact support and what resolution they will offer.,7.23.1,us,2026-10-06T20:36:43.426476+00:00,2026-10-06T20:36:43.426476+00:00
