scope,level,category_id,recent_count,recent_total,recent_rate_pct,baseline_count,baseline_total,baseline_rate_pct,pp_delta,ratio,recent_pct_positive,recent_pct_negative,baseline_pct_positive,baseline_pct_negative,sentiment_delta,verdict,flagged_spike,flagged_decline,emerging
google_play,parent,ai_coach,32,197,16.244,52,816,6.373,9.871,2.55,34.4,53.1,50.0,38.5,-15.6,spike,True,False,False
google_play,parent,app_stability,15,197,7.614,109,816,13.358,-5.744,0.57,20.0,46.7,7.3,74.3,12.7,decline,False,True,False
google_play,parent,customer_support,14,197,7.107,85,816,10.417,-3.31,0.68,21.4,71.4,8.2,82.4,13.2,stable,False,False,False
google_play,parent,data_accuracy,19,197,9.645,96,816,11.765,-2.12,0.82,15.8,42.1,15.6,65.6,0.2,stable,False,False,False
google_play,parent,feature_requests,31,197,15.736,68,816,8.333,7.403,1.89,48.4,35.5,36.8,45.6,11.6,spike,True,False,False
google_play,parent,hardware_wearability,6,197,3.046,40,816,4.902,-1.856,0.62,33.3,50.0,27.5,60.0,5.8,stable,False,False,False
google_play,parent,health_signal_reliability,1,197,0.508,12,816,1.471,-0.963,0.35,0.0,100.0,16.7,66.7,-16.7,insufficient_recent_occurrences,False,False,False
google_play,parent,localization,3,197,1.523,5,816,0.613,0.91,2.49,66.7,33.3,40.0,60.0,26.7,insufficient_recent_occurrences,False,False,False
google_play,parent,platform_parity,5,197,2.538,29,816,3.554,-1.016,0.71,40.0,20.0,13.8,75.9,26.2,stable,False,False,False
google_play,parent,pricing_billing,49,197,24.873,197,816,24.142,0.731,1.03,22.4,69.4,10.7,82.2,11.7,stable,False,False,False
google_play,parent,sleep_tracking,22,197,11.168,99,816,12.132,-0.965,0.92,45.5,40.9,49.5,43.4,-4.0,stable,False,False,False
google_play,parent,sync_connectivity,14,197,7.107,74,816,9.069,-1.962,0.78,0.0,85.7,14.9,71.6,-14.9,stable,False,False,False
google_play,parent,ui_ux,35,197,17.766,133,816,16.299,1.467,1.09,14.3,71.4,22.6,54.1,-8.3,stable,False,False,False
google_play,subcategory,activity_detection,9,197,4.569,29,816,3.554,1.015,1.29,11.1,44.4,13.8,58.6,-2.7,stable,False,False,False
google_play,subcategory,ai_autonomy,7,197,3.553,9,816,1.103,2.45,3.22,0.0,85.7,11.1,66.7,-11.1,spike,True,False,False
google_play,subcategory,ai_only_support_channel,4,197,2.03,20,816,2.451,-0.421,0.83,0.0,100.0,0.0,85.0,0.0,insufficient_recent_occurrences,False,False,False
google_play,subcategory,ai_positive_reception,8,197,4.061,24,816,2.941,1.12,1.38,100.0,0.0,91.7,8.3,8.3,stable,False,False,False
google_play,subcategory,ai_reliability_bugs,19,197,9.645,20,816,2.451,7.194,3.94,15.8,68.4,15.0,65.0,0.8,spike,True,False,False
google_play,subcategory,android_feature_gaps,3,197,1.523,6,816,0.735,0.788,2.07,66.7,0.0,33.3,50.0,33.4,insufficient_recent_occurrences,False,False,False
google_play,subcategory,android_specific_bugs,2,197,1.015,26,816,3.186,-2.171,0.32,0.0,50.0,7.7,80.8,-7.7,insufficient_recent_occurrences,False,False,False
google_play,subcategory,battery_life,1,197,0.508,15,816,1.838,-1.331,0.28,100.0,0.0,33.3,40.0,66.7,insufficient_recent_occurrences,False,False,False
google_play,subcategory,billing_disputes,12,197,6.091,64,816,7.843,-1.752,0.78,0.0,100.0,3.1,93.8,-3.1,stable,False,False,False
google_play,subcategory,build_quality_perception,1,197,0.508,13,816,1.593,-1.086,0.32,0.0,100.0,23.1,76.9,-23.1,insufficient_recent_occurrences,False,False,False
google_play,subcategory,cardiac_detection_trust,0,197,0.0,1,816,0.123,-0.123,0.0,,,0.0,100.0,,insufficient_recent_occurrences,False,False,False
google_play,subcategory,comfort_fit,4,197,2.03,10,816,1.225,0.805,1.66,25.0,50.0,30.0,60.0,-5.0,insufficient_recent_occurrences,False,False,False
google_play,subcategory,crashes_freezes,11,197,5.584,90,816,11.029,-5.446,0.51,18.2,45.5,5.6,75.6,12.6,decline,False,True,False
google_play,subcategory,data_sync_delays,8,197,4.061,46,816,5.637,-1.576,0.72,0.0,75.0,6.5,80.4,-6.5,stable,False,False,False
google_play,subcategory,device_rendering_bugs,2,197,1.015,18,816,2.206,-1.191,0.46,0.0,100.0,27.8,50.0,-27.8,insufficient_recent_occurrences,False,False,False
google_play,subcategory,ecg_bp_feature_reliability,1,197,0.508,12,816,1.471,-0.963,0.35,0.0,100.0,16.7,66.7,-16.7,insufficient_recent_occurrences,False,False,False
google_play,subcategory,english_jargon_complexity,0,197,0.0,0,816,0.0,0.0,,,,,,,insufficient_recent_occurrences,False,False,False
google_play,subcategory,feature_ui_friction,15,197,7.614,45,816,5.515,2.1,1.38,20.0,60.0,28.9,40.0,-8.9,stable,False,False,False
google_play,subcategory,metric_accuracy,13,197,6.599,75,816,9.191,-2.592,0.72,15.4,46.2,16.0,69.3,-0.6,stable,False,False,False
google_play,subcategory,missing_activity_types,3,197,1.523,14,816,1.716,-0.193,0.89,33.3,33.3,28.6,35.7,4.7,insufficient_recent_occurrences,False,False,False
google_play,subcategory,missing_language_support,3,197,1.523,5,816,0.613,0.91,2.49,66.7,33.3,40.0,60.0,26.7,insufficient_recent_occurrences,False,False,False
google_play,subcategory,missing_metrics,13,197,6.599,20,816,2.451,4.148,2.69,69.2,23.1,30.0,50.0,39.2,spike,True,False,False
google_play,subcategory,notification_community_issues,8,197,4.061,48,816,5.882,-1.821,0.69,37.5,50.0,18.8,64.6,18.7,stable,False,False,False
google_play,subcategory,onboarding_pairing,2,197,1.015,2,816,0.245,0.77,4.14,0.0,100.0,50.0,50.0,-50.0,insufficient_recent_occurrences,False,False,False
google_play,subcategory,ongoing_disconnects,5,197,2.538,28,816,3.431,-0.893,0.74,0.0,100.0,25.0,60.7,-25.0,stable,False,False,False
google_play,subcategory,personalization_use_case_fit,14,197,7.107,28,816,3.431,3.675,2.07,35.7,42.9,50.0,32.1,-14.3,spike,True,False,False
google_play,subcategory,plan_trial_structure,1,197,0.508,21,816,2.574,-2.066,0.2,100.0,0.0,9.5,81.0,90.5,insufficient_recent_occurrences,False,False,False
google_play,subcategory,price_value_perception,39,197,19.797,147,816,18.015,1.782,1.1,28.2,61.5,10.9,81.0,17.3,stable,False,False,False
google_play,subcategory,redesign_regression,12,197,6.091,33,816,4.044,2.047,1.51,0.0,91.7,18.2,63.6,-18.2,spike,True,False,False
google_play,subcategory,sleep_accuracy,11,197,5.584,42,816,5.147,0.437,1.08,0.0,72.7,2.4,85.7,-2.4,stable,False,False,False
google_play,subcategory,sleep_alarm_ui,0,197,0.0,11,816,1.348,-1.348,0.0,,,27.3,63.6,,insufficient_recent_occurrences,False,False,False
google_play,subcategory,sleep_satisfaction,11,197,5.584,47,816,5.76,-0.176,0.97,90.9,9.1,95.7,2.1,-4.8,stable,False,False,False
google_play,subcategory,strap_clasp_durability,0,197,0.0,5,816,0.613,-0.613,0.0,,,0.0,100.0,,insufficient_recent_occurrences,False,False,False
google_play,subcategory,support_resolution_quality,5,197,2.538,40,816,4.902,-2.364,0.52,0.0,80.0,2.5,87.5,-2.5,decline,False,True,False
google_play,subcategory,support_responsiveness,8,197,4.061,37,816,4.534,-0.473,0.9,25.0,75.0,8.1,86.5,16.9,stable,False,False,False
google_play,subcategory,support_satisfaction,1,197,0.508,3,816,0.368,0.14,1.38,100.0,0.0,100.0,0.0,0.0,insufficient_recent_occurrences,False,False,False
google_play,subcategory,third_party_integration,4,197,2.03,19,816,2.328,-0.298,0.87,25.0,50.0,31.6,57.9,-6.6,insufficient_recent_occurrences,False,False,False
google_play,subcategory,update_failures,4,197,2.03,32,816,3.922,-1.891,0.52,25.0,50.0,15.6,71.9,9.4,insufficient_recent_occurrences,False,False,False
google_play,subcategory,upsell_pressure,6,197,3.046,18,816,2.206,0.84,1.38,0.0,100.0,11.1,83.3,-11.1,stable,False,False,False
app_store,parent,ai_coach,44,360,12.222,32,318,10.063,2.159,1.21,47.7,36.4,46.9,43.8,0.8,stable,False,False,False
app_store,parent,app_stability,19,360,5.278,26,318,8.176,-2.898,0.65,5.3,94.7,19.2,57.7,-13.9,decline,False,True,False
app_store,parent,customer_support,29,360,8.056,51,318,16.038,-7.982,0.5,3.4,82.8,7.8,88.2,-4.4,decline,False,True,False
app_store,parent,data_accuracy,43,360,11.944,42,318,13.208,-1.263,0.9,23.3,46.5,19.0,61.9,4.3,stable,False,False,False
app_store,parent,feature_requests,45,360,12.5,44,318,13.836,-1.336,0.9,48.9,37.8,50.0,34.1,-1.1,stable,False,False,False
app_store,parent,hardware_wearability,26,360,7.222,24,318,7.547,-0.325,0.96,50.0,30.8,20.8,79.2,29.2,stable,False,False,False
app_store,parent,health_signal_reliability,8,360,2.222,11,318,3.459,-1.237,0.64,50.0,37.5,27.3,72.7,22.7,stable,False,False,False
app_store,parent,localization,13,360,3.611,15,318,4.717,-1.106,0.77,30.8,38.5,46.7,33.3,-15.9,stable,False,False,False
app_store,parent,platform_parity,0,360,0.0,0,318,0.0,0.0,,,,,,,insufficient_recent_occurrences,False,False,False
app_store,parent,pricing_billing,73,360,20.278,104,318,32.704,-12.427,0.62,21.9,61.6,14.4,77.9,7.5,decline,False,True,False
app_store,parent,sleep_tracking,72,360,20.0,48,318,15.094,4.906,1.32,66.7,26.4,54.2,31.2,12.5,stable,False,False,False
app_store,parent,sync_connectivity,23,360,6.389,30,318,9.434,-3.045,0.68,21.7,65.2,20.0,66.7,1.7,stable,False,False,False
app_store,parent,ui_ux,22,360,6.111,45,318,14.151,-8.04,0.43,31.8,45.5,26.7,60.0,5.1,decline,False,True,False
app_store,subcategory,activity_detection,20,360,5.556,7,318,2.201,3.354,2.52,20.0,45.0,28.6,42.9,-8.6,spike,True,False,False
app_store,subcategory,ai_autonomy,5,360,1.389,5,318,1.572,-0.183,0.88,0.0,60.0,0.0,80.0,0.0,stable,False,False,False
app_store,subcategory,ai_only_support_channel,4,360,1.111,15,318,4.717,-3.606,0.24,0.0,100.0,0.0,100.0,0.0,insufficient_recent_occurrences,False,False,False
app_store,subcategory,ai_positive_reception,19,360,5.278,10,318,3.145,2.133,1.68,94.7,0.0,100.0,0.0,-5.3,spike,True,False,False
app_store,subcategory,ai_reliability_bugs,20,360,5.556,18,318,5.66,-0.105,0.98,15.0,65.0,33.3,55.6,-18.3,stable,False,False,False
app_store,subcategory,android_feature_gaps,0,360,0.0,0,318,0.0,0.0,,,,,,,insufficient_recent_occurrences,False,False,False
app_store,subcategory,android_specific_bugs,0,360,0.0,0,318,0.0,0.0,,,,,,,insufficient_recent_occurrences,False,False,False
app_store,subcategory,battery_life,11,360,3.056,9,318,2.83,0.225,1.08,63.6,36.4,44.4,55.6,19.2,stable,False,False,False
app_store,subcategory,billing_disputes,24,360,6.667,42,318,13.208,-6.541,0.5,0.0,91.7,4.8,92.9,-4.8,decline,False,True,False
app_store,subcategory,build_quality_perception,4,360,1.111,7,318,2.201,-1.09,0.5,0.0,50.0,0.0,100.0,0.0,insufficient_recent_occurrences,False,False,False
app_store,subcategory,cardiac_detection_trust,1,360,0.278,0,318,0.0,0.278,,100.0,0.0,,,,insufficient_recent_occurrences,False,False,False
app_store,subcategory,comfort_fit,12,360,3.333,6,318,1.887,1.447,1.77,58.3,16.7,16.7,83.3,41.6,stable,False,False,False
app_store,subcategory,crashes_freezes,17,360,4.722,15,318,4.717,0.005,1.0,5.9,94.1,26.7,53.3,-20.8,stable,False,False,False
app_store,subcategory,data_sync_delays,18,360,5.0,16,318,5.031,-0.031,0.99,16.7,66.7,18.8,62.5,-2.1,stable,False,False,False
app_store,subcategory,device_rendering_bugs,5,360,1.389,6,318,1.887,-0.498,0.74,60.0,0.0,50.0,16.7,10.0,stable,False,False,False
app_store,subcategory,ecg_bp_feature_reliability,7,360,1.944,11,318,3.459,-1.515,0.56,42.9,42.9,27.3,72.7,15.6,stable,False,False,False
app_store,subcategory,english_jargon_complexity,2,360,0.556,2,318,0.629,-0.073,0.88,0.0,0.0,100.0,0.0,-100.0,insufficient_recent_occurrences,False,False,False
app_store,subcategory,feature_ui_friction,9,360,2.5,21,318,6.604,-4.104,0.38,33.3,44.4,38.1,52.4,-4.8,decline,False,True,False
app_store,subcategory,metric_accuracy,28,360,7.778,38,318,11.95,-4.172,0.65,21.4,50.0,15.8,63.2,5.6,decline,False,True,False
app_store,subcategory,missing_activity_types,7,360,1.944,11,318,3.459,-1.515,0.56,71.4,14.3,63.6,27.3,7.8,stable,False,False,False
app_store,subcategory,missing_language_support,12,360,3.333,15,318,4.717,-1.384,0.71,33.3,41.7,46.7,33.3,-13.4,stable,False,False,False
app_store,subcategory,missing_metrics,19,360,5.278,16,318,5.031,0.246,1.05,47.4,42.1,50.0,31.2,-2.6,stable,False,False,False
app_store,subcategory,notification_community_issues,8,360,2.222,2,318,0.629,1.593,3.53,25.0,50.0,0.0,100.0,25.0,stable,False,False,False
app_store,subcategory,onboarding_pairing,2,360,0.556,8,318,2.516,-1.96,0.22,0.0,100.0,12.5,87.5,-12.5,insufficient_recent_occurrences,False,False,False
app_store,subcategory,ongoing_disconnects,6,360,1.667,6,318,1.887,-0.22,0.88,50.0,50.0,33.3,50.0,16.7,stable,False,False,False
app_store,subcategory,personalization_use_case_fit,19,360,5.278,11,318,3.459,1.819,1.53,42.1,42.1,45.5,36.4,-3.4,stable,False,False,False
app_store,subcategory,plan_trial_structure,2,360,0.556,10,318,3.145,-2.589,0.18,0.0,100.0,0.0,100.0,0.0,insufficient_recent_occurrences,False,False,False
app_store,subcategory,price_value_perception,54,360,15.0,65,318,20.44,-5.44,0.73,29.6,53.7,18.5,72.3,11.1,stable,False,False,False
app_store,subcategory,redesign_regression,3,360,0.833,21,318,6.604,-5.77,0.13,33.3,66.7,4.8,85.7,28.5,insufficient_recent_occurrences,False,False,False
app_store,subcategory,sleep_accuracy,23,360,6.389,22,318,6.918,-0.529,0.92,13.0,73.9,22.7,54.5,-9.7,stable,False,False,False
app_store,subcategory,sleep_alarm_ui,3,360,0.833,6,318,1.887,-1.053,0.44,33.3,66.7,16.7,66.7,16.6,insufficient_recent_occurrences,False,False,False
app_store,subcategory,sleep_satisfaction,46,360,12.778,21,318,6.604,6.174,1.93,95.7,0.0,95.2,0.0,0.5,spike,True,False,False
app_store,subcategory,strap_clasp_durability,4,360,1.111,6,318,1.887,-0.776,0.59,0.0,50.0,0.0,100.0,0.0,insufficient_recent_occurrences,False,False,False
app_store,subcategory,support_resolution_quality,20,360,5.556,33,318,10.377,-4.822,0.54,5.0,95.0,0.0,93.9,5.0,decline,False,True,False
app_store,subcategory,support_responsiveness,13,360,3.611,15,318,4.717,-1.106,0.77,7.7,69.2,13.3,86.7,-5.6,stable,False,False,False
app_store,subcategory,support_satisfaction,1,360,0.278,2,318,0.629,-0.351,0.44,0.0,0.0,100.0,0.0,-100.0,insufficient_recent_occurrences,False,False,False
app_store,subcategory,third_party_integration,6,360,1.667,13,318,4.088,-2.421,0.41,33.3,33.3,53.8,30.8,-20.5,decline,False,True,False
app_store,subcategory,update_failures,5,360,1.389,12,318,3.774,-2.385,0.37,0.0,100.0,16.7,58.3,-16.7,decline,False,True,False
app_store,subcategory,upsell_pressure,5,360,1.389,12,318,3.774,-2.385,0.37,0.0,80.0,16.7,50.0,-16.7,decline,False,True,False
combined_overlap,parent,ai_coach,76,557,13.645,72,921,7.818,5.827,1.75,42.1,43.4,50.0,38.9,-7.9,spike,True,False,False
combined_overlap,parent,app_stability,34,557,6.104,92,921,9.989,-3.885,0.61,11.8,73.5,8.7,71.7,3.1,decline,False,True,False
combined_overlap,parent,customer_support,43,557,7.72,103,921,11.183,-3.464,0.69,9.3,79.1,9.7,82.5,-0.4,stable,False,False,False
combined_overlap,parent,data_accuracy,62,557,11.131,114,921,12.378,-1.247,0.9,21.0,45.2,16.7,65.8,4.3,stable,False,False,False
combined_overlap,parent,feature_requests,76,557,13.645,99,921,10.749,2.895,1.27,48.7,36.8,44.4,37.4,4.3,stable,False,False,False
combined_overlap,parent,hardware_wearability,32,557,5.745,50,921,5.429,0.316,1.06,46.9,34.4,28.0,66.0,18.9,stable,False,False,False
combined_overlap,parent,health_signal_reliability,9,557,1.616,20,921,2.172,-0.556,0.74,44.4,44.4,20.0,75.0,24.4,stable,False,False,False
combined_overlap,parent,localization,16,557,2.873,19,921,2.063,0.81,1.39,37.5,37.5,47.4,36.8,-9.9,stable,False,False,False
combined_overlap,parent,platform_parity,5,557,0.898,17,921,1.846,-0.948,0.49,40.0,20.0,17.6,76.5,22.4,stable,False,False,False
combined_overlap,parent,pricing_billing,122,557,21.903,237,921,25.733,-3.83,0.85,22.1,64.8,14.8,77.6,7.3,stable,False,False,False
combined_overlap,parent,sleep_tracking,94,557,16.876,124,921,13.464,3.412,1.25,61.7,29.8,54.8,36.3,6.9,stable,False,False,False
combined_overlap,parent,sync_connectivity,37,557,6.643,76,921,8.252,-1.609,0.8,13.5,73.0,19.7,67.1,-6.2,stable,False,False,False
combined_overlap,parent,ui_ux,57,557,10.233,129,921,14.007,-3.773,0.73,21.1,61.4,27.9,53.5,-6.8,stable,False,False,False
combined_overlap,subcategory,activity_detection,29,557,5.206,29,921,3.149,2.058,1.65,17.2,44.8,13.8,69.0,3.4,spike,True,False,False
combined_overlap,subcategory,ai_autonomy,12,557,2.154,13,921,1.412,0.743,1.53,0.0,75.0,7.7,69.2,-7.7,stable,False,False,False
combined_overlap,subcategory,ai_only_support_channel,8,557,1.436,26,921,2.823,-1.387,0.51,0.0,100.0,0.0,92.3,0.0,stable,False,False,False
combined_overlap,subcategory,ai_positive_reception,27,557,4.847,30,921,3.257,1.59,1.49,96.3,0.0,93.3,6.7,3.0,stable,False,False,False
combined_overlap,subcategory,ai_reliability_bugs,39,557,7.002,31,921,3.366,3.636,2.08,15.4,66.7,25.8,58.1,-10.4,spike,True,False,False
combined_overlap,subcategory,android_feature_gaps,3,557,0.539,4,921,0.434,0.104,1.24,66.7,0.0,50.0,50.0,16.7,insufficient_recent_occurrences,False,False,False
combined_overlap,subcategory,android_specific_bugs,2,557,0.359,14,921,1.52,-1.161,0.24,0.0,50.0,7.1,85.7,-7.1,insufficient_recent_occurrences,False,False,False
combined_overlap,subcategory,battery_life,12,557,2.154,16,921,1.737,0.417,1.24,66.7,33.3,50.0,37.5,16.7,stable,False,False,False
combined_overlap,subcategory,billing_disputes,36,557,6.463,83,921,9.012,-2.549,0.72,0.0,94.4,4.8,91.6,-4.8,stable,False,False,False
combined_overlap,subcategory,build_quality_perception,5,557,0.898,15,921,1.629,-0.731,0.55,0.0,60.0,13.3,86.7,-13.3,stable,False,False,False
combined_overlap,subcategory,cardiac_detection_trust,1,557,0.18,0,921,0.0,0.18,,100.0,0.0,,,,insufficient_recent_occurrences,False,False,False
combined_overlap,subcategory,comfort_fit,16,557,2.873,15,921,1.629,1.244,1.76,50.0,25.0,26.7,66.7,23.3,stable,False,False,False
combined_overlap,subcategory,crashes_freezes,28,557,5.027,75,921,8.143,-3.116,0.62,10.7,75.0,9.3,70.7,1.4,decline,False,True,False
combined_overlap,subcategory,data_sync_delays,26,557,4.668,47,921,5.103,-0.435,0.91,11.5,69.2,10.6,72.3,0.9,stable,False,False,False
combined_overlap,subcategory,device_rendering_bugs,7,557,1.257,10,921,1.086,0.171,1.16,42.9,28.6,60.0,20.0,-17.1,stable,False,False,False
combined_overlap,subcategory,ecg_bp_feature_reliability,8,557,1.436,20,921,2.172,-0.735,0.66,37.5,50.0,20.0,75.0,17.5,stable,False,False,False
combined_overlap,subcategory,english_jargon_complexity,2,557,0.359,2,921,0.217,0.142,1.65,0.0,0.0,100.0,0.0,-100.0,insufficient_recent_occurrences,False,False,False
combined_overlap,subcategory,feature_ui_friction,24,557,4.309,56,921,6.08,-1.772,0.71,25.0,54.2,33.9,44.6,-8.9,stable,False,False,False
combined_overlap,subcategory,metric_accuracy,41,557,7.361,95,921,10.315,-2.954,0.71,19.5,48.8,16.8,65.3,2.7,stable,False,False,False
combined_overlap,subcategory,missing_activity_types,10,557,1.795,21,921,2.28,-0.485,0.79,60.0,20.0,47.6,28.6,12.4,stable,False,False,False
combined_overlap,subcategory,missing_language_support,15,557,2.693,19,921,2.063,0.63,1.31,40.0,40.0,47.4,36.8,-7.4,stable,False,False,False
combined_overlap,subcategory,missing_metrics,32,557,5.745,32,921,3.474,2.271,1.65,56.2,34.4,43.8,37.5,12.4,spike,True,False,False
combined_overlap,subcategory,notification_community_issues,16,557,2.873,32,921,3.474,-0.602,0.83,31.2,50.0,21.9,62.5,9.3,stable,False,False,False
combined_overlap,subcategory,onboarding_pairing,4,557,0.718,10,921,1.086,-0.368,0.66,0.0,100.0,20.0,80.0,-20.0,insufficient_recent_occurrences,False,False,False
combined_overlap,subcategory,ongoing_disconnects,11,557,1.975,19,921,2.063,-0.088,0.96,27.3,72.7,42.1,47.4,-14.8,stable,False,False,False
combined_overlap,subcategory,personalization_use_case_fit,33,557,5.925,37,921,4.017,1.907,1.47,39.4,42.4,48.6,32.4,-9.2,stable,False,False,False
combined_overlap,subcategory,plan_trial_structure,3,557,0.539,25,921,2.714,-2.176,0.2,33.3,66.7,8.0,88.0,25.3,insufficient_recent_occurrences,False,False,False
combined_overlap,subcategory,price_value_perception,93,557,16.697,159,921,17.264,-0.567,0.97,29.0,57.0,17.0,74.2,12.0,stable,False,False,False
combined_overlap,subcategory,redesign_regression,15,557,2.693,42,921,4.56,-1.867,0.59,6.7,86.7,14.3,73.8,-7.6,stable,False,False,False
combined_overlap,subcategory,sleep_accuracy,34,557,6.104,53,921,5.755,0.35,1.06,8.8,73.5,11.3,73.6,-2.5,stable,False,False,False
combined_overlap,subcategory,sleep_alarm_ui,3,557,0.539,12,921,1.303,-0.764,0.41,33.3,66.7,33.3,58.3,0.0,insufficient_recent_occurrences,False,False,False
combined_overlap,subcategory,sleep_satisfaction,57,557,10.233,61,921,6.623,3.61,1.55,94.7,1.8,95.1,1.6,-0.4,spike,True,False,False
combined_overlap,subcategory,strap_clasp_durability,4,557,0.718,9,921,0.977,-0.259,0.73,0.0,50.0,0.0,100.0,0.0,insufficient_recent_occurrences,False,False,False
combined_overlap,subcategory,support_resolution_quality,25,557,4.488,62,921,6.732,-2.243,0.67,4.0,92.0,1.6,90.3,2.4,stable,False,False,False
combined_overlap,subcategory,support_responsiveness,21,557,3.77,34,921,3.692,0.079,1.02,14.3,71.4,11.8,82.4,2.5,stable,False,False,False
combined_overlap,subcategory,support_satisfaction,2,557,0.359,5,921,0.543,-0.184,0.66,50.0,0.0,100.0,0.0,-50.0,insufficient_recent_occurrences,False,False,False
combined_overlap,subcategory,third_party_integration,10,557,1.795,28,921,3.04,-1.245,0.59,30.0,40.0,42.9,42.9,-12.9,stable,False,False,False
combined_overlap,subcategory,update_failures,9,557,1.616,28,921,3.04,-1.424,0.53,11.1,77.8,10.7,75.0,0.4,stable,False,False,False
combined_overlap,subcategory,upsell_pressure,11,557,1.975,27,921,2.932,-0.957,0.67,0.0,90.9,14.8,66.7,-14.8,stable,False,False,False
